0,343 GUILTY SPARK,
1,343 GUILTY SPARK,
2,343 GUILTY SPARK,
3,343 GUILTY SPARK,
4,343 GUILTY SPARK,
5,343 GUILTY SPARK,
6,343 GUILTY SPARK,
7,343 GUILTY SPARK,
8,343 GUILTY SPARK,
9,343 GUILTY SPARK,
10,343 GUILTY SPARK,
11,343 GUILTY SPARK,
12,343 GUILTY SPARK,
13,343 GUILTY SPARK,
14,343 GUILTY SPARK,
15,343 GUILTY SPARK,
16,343 GUILTY SPARK,
17,343 GUILTY SPARK,
18,343 GUILTY SPARK,
19,343 GUILTY SPARK,
20,343 GUILTY SPARK,
21,343 GUILTY SPARK,
22,343 GUILTY SPARK,
23,343 GUILTY SPARK,
24,343 GUILTY SPARK,
25,343 GUILTY SPARK,
26,343 GUILTY SPARK,
27,343 GUILTY SPARK,
28,343 GUILTY SPARK,
29,343 GUILTY SPARK,
30,343 GUILTY SPARK,
31,343 GUILTY SPARK,
32,343 GUILTY SPARK,
33,343 GUILTY SPARK,
34,343 GUILTY SPARK,
35,343 GUILTY SPARK,
36,343 GUILTY SPARK,
37,343 GUILTY SPARK,
38,343 GUILTY SPARK,
39,343 GUILTY SPARK,
40,343 GUILTY SPARK,
41,343 GUILTY SPARK,
42,343 GUILTY SPARK,
43,343 GUILTY SPARK,
44,343 GUILTY SPARK,
45,343 GUILTY SPARK,
